id,symbol,name,image,current_price,market_cap,market_cap_rank,fully_diluted_valuation,total_volume,high_24h,low_24h,price_change_24h,price_change_percentage_24h,market_cap_change_24h,market_cap_change_percentage_24h,circulating_supply,total_supply,max_supply,ath,ath_change_percentage,ath_date,atl,atl_change_percentage,atl_date,roi,last_updated,price_change_percentage_1h_in_currency,price_change_percentage_24h_in_currency,roi.times,roi.currency,roi.percentage
bitcoin,btc,Bitcoin,https://assets.coingecko.com/coins/images/1/large/bitcoin.png?1547033579,51347.0,969512932692,1,1076693972299.0,26289333673.0,51520.0,48401.0,2890.94,5.96605,54988211291.0,6.01276,18909525.0,21000000.0,21000000.0,69045.0,-25.76782,2021-11-10T14:24:11.849Z,67.81,75485.0048,2013-07-06T00:00:00.000Z,,2021-12-24T08:36:10.891Z,0.4496982158968669,5.966050881303783,,,
ethereum,eth,Ethereum,https://assets.coingecko.com/coins/images/279/large/ethereum.png?1595348880,4118.13,489075887826,2,,17001595293.0,4168.06,3931.97,172.94,4.38345,21580550374.0,4.61621,118868805.8115,,,4878.26,-15.64439,2021-11-10T14:24:19.604Z,0.432979,950312.72171,2015-10-20T00:00:00.000Z,,2021-12-24T08:36:58.793Z,0.4605218930825601,4.383452065388917,106.37236465835925,btc,10637.236465835924
binancecoin,bnb,Binance Coin,https://assets.coingecko.com/coins/images/825/large/binance-coin-logo.png?1547034615,549.58,92366114482,3,92366114482.0,1760354419.0,555.02,527.83,20.63,3.90016,3589061058.0,4.04278,168137035.9,168137035.9,168137035.9,686.31,-20.21444,2021-05-10T07:24:17.097Z,0.0398177,1375101.55733,2017-10-19T00:00:00.000Z,,2021-12-24T08:35:08.391Z,0.5613436326585688,3.900155890296788,,,
tether,usdt,Tether,https://assets.coingecko.com/coins/images/325/large/Tether-logo.png?1598003707,1.01,77890561057,4,,61039796150.0,1.01,0.998054,0.0005926,0.05898,323613737.0,0.41721,77591578542.3877,77591578542.3877,,1.32,-24.14378,2018-07-24T00:00:00.000Z,0.572521,75.30363,2015-03-02T00:00:00.000Z,,2021-12-24T08:34:15.025Z,0.32243265619140715,0.05898324286900939,,,
solana,sol,Solana,https://assets.coingecko.com/coins/images/4128/large/solana.png?1640133422,190.08,58634254861,5,,1959875064.0,193.34,178.48,10.67,5.94753,3292020265.0,5.94848,308704542.045829,508180963.57,,259.96,-27.06168,2021-11-06T21:54:35.825Z,0.500801,37761.31392,2020-05-11T19:35:23.449Z,,2021-12-24T08:35:10.804Z,0.9696138506437867,5.9475331898432415,,,
cardano,ada,Cardano,https://assets.coingecko.com/coins/images/975/large/cardano.png?1547034860,1.46,46709175209,6,65548783028.0,1788374105.0,1.49,1.34,0.119307,8.9162,3861672063.0,9.0126,32066390668.4135,45000000000.0,45000000000.0,3.09,-52.87503,2021-09-02T06:00:10.474Z,0.01925275,7455.83588,2020-03-13T02:22:55.044Z,,2021-12-24T08:35:29.539Z,0.8991302077665948,8.916203350786024,,,
ripple,xrp,XRP,https://assets.coingecko.com/coins/images/44/large/xrp-symbol-white-128.png?1605778731,0.981363,46568173146,7,97964086061.0,4225266829.0,1.02,0.964954,-0.004970429439,-0.50393,107581283.0,0.23155,47535964473.0,100000000000.0,100000000000.0,3.4,-71.18247,2018-01-07T00:00:00.000Z,0.00268621,36358.44702,2014-05-22T00:00:00.000Z,,2021-12-24T08:37:50.056Z,0.8115766900089274,-0.5039301009739334,,,
usd-coin,usdc,USD Coin,https://assets.coingecko.com/coins/images/6319/large/USD_Coin_icon.png?1547042389,1.0,42700587874,8,,2958100861.0,1.01,0.997446,-0.000413360032,-0.04116,104973934.0,0.24644,42549832356.2769,42554581511.4531,,1.17,-14.39768,2019-05-08T00:40:28.300Z,0.891848,12.55996,2021-05-19T13:14:05.611Z,,2021-12-24T08:37:57.193Z,0.1938334885196978,-0.04115683788026942,,,
terra-luna,luna,Terra,https://assets.coingecko.com/coins/images/8284/large/luna1557227471663.png?1567147072,99.74,36753933922,9,100226560279.0,4419150406.0,100.84,85.17,13.39,15.5014,5073902156.0,16.01609,366708523.369726,839139728.21633,1000000000.0,100.84,-0.28247,2021-12-24T07:53:54.038Z,0.121798,82456.68965,2020-03-18T17:03:01.083Z,,2021-12-24T08:37:57.789Z,-0.7620754049760192,15.501400571398118,,,
polkadot,dot,Polkadot,https://assets.coingecko.com/coins/images/12171/large/polkadot.png?1639712644,29.3,31316894943,10,,1164213593.0,29.66,26.98,1.77,6.42996,2004914288.0,6.83991,1067948171.7528,1148876960.95024,,54.98,-46.74392,2021-11-04T14:10:09.301Z,2.7,985.49255,2020-08-20T05:48:11.359Z,,2021-12-24T08:37:43.547Z,0.5069292823007423,6.42995613457511,,,
avalanche-2,AVAX,Avalanche,https://assets.coingecko.com/coins/images/12559/large/coin-round-red.png?1604021818,122.73,29784248281,11,88172968913.0,1066538091.0,125.24,118.32,3.31,2.77546,881517394.0,3.04994,243211258.813547,377752194.4695483,720000000.0,144.96,-15.77901,2021-11-21T14:18:56.538Z,2.8,4258.62061,2020-12-31T13:15:21.540Z,,2021-12-24T08:35:22.423Z,1.4545187627508909,2.775458873136865,,,
dogecoin,doge,Dogecoin,https://assets.coingecko.com/coins/images/5/large/dogecoin.png?1547792256,0.183354,24253928052,12,,1392430942.0,0.185202,0.176532,0.00605332,3.41416,758613989.0,3.22879,132657224068.201,,,0.731578,-75.06516,2021-05-08T05:08:23.458Z,8.69e-05,209807.84792,2015-05-06T00:00:00.000Z,,2021-12-24T08:35:26.356Z,1.0101482871391907,3.41416129778002,,,
shiba-inu,shib,Shiba Inu,https://assets.coingecko.com/coins/images/11939/large/shiba.png?1622619446,3.867e-05,21230447617,13,,2050307880.0,3.989e-05,3.562e-05,2.69e-06,7.47255,1498791353.0,7.59587,549150008881988.0,1000000000000000.0,,8.616e-05,-55.30052,2021-10-28T03:54:55.568Z,5.6e-11,68325245.40022,2020-11-28T11:26:25.838Z,,2021-12-24T08:34:47.739Z,0.49552828746386873,7.472552895738647,,,
matic-network,matic,Polygon,https://assets.coingecko.com/coins/images/4713/large/matic-token-icon.png?1624446912,2.65,18219919814,14,26509837025.0,2397293954.0,2.74,2.53,0.01472277,0.5582,92305968.0,0.5092,6872890164.27,10000000000.0,10000000000.0,2.74,-3.23159,2021-12-23T19:50:10.036Z,0.00314376,84165.18079,2019-05-10T00:00:00.000Z,,2021-12-24T08:34:55.997Z,0.9439268668807029,0.5581978592826278,1007.469971118503,usd,100746.9971118503
crypto-com-chain,cro,Crypto.com Coin,https://assets.coingecko.com/coins/images/7310/large/cypto.png?1547043960,0.614875,15498976283,15,,474704153.0,0.616725,0.538928,0.074852,13.86085,1856363019.0,13.60709,25263013692.0,30263013692.0,,0.965407,-36.71419,2021-11-24T15:53:54.855Z,0.0121196,4941.13847,2019-02-08T00:00:00.000Z,,2021-12-24T08:35:47.782Z,1.1757573509662076,13.860851306252039,,,
binance-usd,busd,Binance USD,https://assets.coingecko.com/coins/images/9576/large/BUSD.png?1568947766,1.01,14887275315,16,,4347780544.0,1.02,0.998454,0.00152586,0.15195,189936379.0,1.29232,14790137162.21,14790137162.21,,1.15,-12.8855,2020-03-13T02:35:42.953Z,0.901127,11.58014,2021-05-19T13:04:37.445Z,,2021-12-24T08:37:22.907Z,0.27225916121960375,0.15195292348303766,,,
wrapped-bitcoin,wbtc,Wrapped Bitcoin,https://assets.coingecko.com/coins/images/7598/large/wrapped_bitcoin_wbtc.png?1548822744,51298.0,13274653361,17,13274653361.0,296304942.0,51502.0,48402.0,2862.28,5.90938,746387916.0,5.95763,258840.12476808,258840.12476808,258840.12476808,70643.0,-27.51523,2021-11-10T14:40:19.650Z,3139.17,1531.18462,2019-04-02T00:00:00.000Z,,2021-12-24T08:35:29.796Z,0.33485621880000604,5.909380836485052,,,
litecoin,ltc,Litecoin,https://assets.coingecko.com/coins/images/2/large/litecoin.png?1547033580,165.29,11424068080,18,13855583479.0,1221054034.0,167.12,155.31,9.88,6.35971,679281141.0,6.32196,69258845.7334713,84000000.0,84000000.0,410.26,-59.8092,2021-05-10T03:13:07.904Z,1.15,14252.4214,2015-01-14T00:00:00.000Z,,2021-12-24T08:34:40.613Z,0.6648911109108073,6.359708415774033,,,
chainlink,link,Chainlink,https://assets.coingecko.com/coins/images/877/large/chainlink-new-logo.png?1547034700,22.36,10440683234,19,22356466209.0,1067022610.0,22.6,20.51,1.56,7.52068,752082253.0,7.76255,467009550.4397637,1000000000.0,1000000000.0,52.7,-57.67173,2021-05-10T00:13:57.214Z,0.148183,14952.69068,2017-11-29T00:00:00.000Z,,2021-12-24T08:35:39.096Z,1.0769350539715665,7.5206785708221435,,,
terrausd,ust,TerraUSD,https://assets.coingecko.com/coins/images/12681/large/UST.png?1601612407,1.01,9683325254,20,,252185121.0,1.02,1.0,-0.00066405208,-0.066,111405832.0,1.16388,9620541037.16136,9618884848.98265,,1.09,-7.92411,2021-01-11T22:30:57.984Z,0.857992,17.1786,2021-05-19T13:14:26.898Z,,2021-12-24T08:36:57.137Z,0.2597056731824537,-0.06599972809913875,,,
algorand,algo,Algorand,https://assets.coingecko.com/coins/images/4380/large/download.png?1547039725,1.5,9478389332,21,14925177970.0,269551420.0,1.49,1.36,0.137604,10.12471,847935956.0,9.82493,6350603893.15787,6799165007.80413,10000000000.0,3.56,-58.22225,2019-06-20T14:51:19.480Z,0.105336,1312.41079,2020-03-13T02:20:48.438Z,,2021-12-24T08:35:03.529Z,2.088082656490235,10.12470920204067,-0.37637580727454,usd,-37.637580727454
dai,dai,Dai,https://assets.coingecko.com/coins/images/9956/large/4943.png?1636636734,1.0,9008660965,22,9008660965.0,350917686.0,1.01,0.997335,0.0009642,0.09607,-9542793.858215332,-0.10582,8977185999.88083,8977185999.88083,8977185999.88083,1.22,-17.62767,2020-03-13T03:02:50.373Z,0.903243,11.16182,2019-11-25T00:04:18.137Z,,2021-12-24T08:34:08.486Z,0.262068749775324,0.09606907140982472,,,
bitcoin-cash,bch,Bitcoin Cash,https://assets.coingecko.com/coins/images/780/large/bitcoin-cash-circle.png?1594689492,460.07,8710181511,23,9659542050.0,1931494783.0,461.33,437.57,21.89,4.99502,421943981.0,5.09088,18936074.8966526,21000000.0,21000000.0,3785.82,-87.88508,2017-12-20T00:00:00.000Z,76.93,496.15306,2018-12-16T00:00:00.000Z,,2021-12-24T08:34:52.753Z,0.6643966384420767,4.995019709111825,,,
near,near,Near,https://assets.coingecko.com/coins/images/10365/large/near_icon.png?1601359077,14.51,8623394616,24,14459494857.0,1351623517.0,14.86,13.11,1.27,9.57382,929800376.0,12.08538,596382840.541472,1000000000.0,1000000000.0,14.86,-2.27934,2021-12-24T00:29:04.669Z,0.526762,2656.90076,2020-11-04T16:09:15.137Z,,2021-12-24T08:34:40.855Z,-1.0642078305357976,9.573816031593669,,,
tron,trx,TRON,https://assets.coingecko.com/coins/images/1094/large/tron-logo.png?1547035066,0.08287,8431720314,25,,1099544080.0,0.083328,0.078847,0.0038651,4.8922,395246781.0,4.91816,101865902346.824,101900409184.273,,0.231673,-64.29114,2018-01-05T00:00:00.000Z,0.00180434,4484.92445,2017-11-12T00:00:00.000Z,,2021-12-24T08:36:44.440Z,0.43822412669106753,4.892196176197534,42.61601458484269,usd,4261.601458484269
uniswap,uni,Uniswap,https://assets.coingecko.com/coins/images/12504/large/uniswap-uni.png?1600306604,17.99,8154632183,26,18000958585.0,360553491.0,18.23,16.53,1.28,7.64166,608772871.0,8.06764,453010996.32658404,1000000000.0,1000000000.0,44.92,-60.09702,2021-05-03T05:25:04.822Z,1.03,1639.87103,2020-09-17T01:20:38.214Z,,2021-12-24T08:36:43.590Z,1.2497565293642094,7.641657915904789,,,
okb,okb,OKB,https://assets.coingecko.com/coins/images/4463/large/okb_token.png?1548386209,30.99,8134353367,27,,472692705.0,31.91,30.73,-0.500682829139,-1.59009,-136812724.81993866,-1.65409,262680011.32,300000000.0,,44.01,-29.74144,2021-05-03T01:03:16.108Z,0.580608,5225.01971,2019-01-14T00:00:00.000Z,,2021-12-24T08:35:26.469Z,0.6556654154924693,-1.590094670600508,,,
cosmos,atom,Cosmos,https://assets.coingecko.com/coins/images/1481/large/cosmos_hub.png?1555657960,28.61,8120937519,28,,554094581.0,28.82,26.99,1.29,4.72325,402831859.0,5.21931,284012627.316362,,,44.42,-35.81172,2021-09-20T00:05:25.062Z,1.16,2357.83082,2020-03-13T02:27:44.591Z,,2021-12-24T08:35:07.016Z,1.4570696592452526,4.723253109186727,285.0673811882633,usd,28506.73811882633
axie-infinity,axs,Axie Infinity,https://assets.coingecko.com/coins/images/13029/large/axie_infinity_logo.png?1604471082,107.15,7273508410,29,28929074532.0,265540836.0,108.98,101.22,5.33,5.23691,360395158.0,5.21321,67884897.88998564,270000000.0,270000000.0,164.9,-35.27053,2021-11-06T19:29:29.482Z,0.123718,86174.66956,2020-11-06T08:05:43.662Z,,2021-12-24T08:34:44.261Z,0.5816782235978312,5.236912023255832,,,
stellar,xlm,Stellar,https://assets.coingecko.com/coins/images/100/large/Stellar_symbol_black_RGB.png?1552356157,0.285468,7042248434,30,14241418725.0,388597550.0,0.290215,0.275238,0.00984183,3.57072,260526231.0,3.84159,24725423896.5076,50001802432.1399,50001802432.1399,0.875563,-67.47047,2018-01-03T00:00:00.000Z,0.00047612,59719.90487,2015-03-05T00:00:00.000Z,,2021-12-24T08:36:05.447Z,0.8382302476746626,3.570716306259835,,,
staked-ether,steth,Lido Staked Ether,https://assets.coingecko.com/coins/images/13442/large/steth_logo.png?1608607546,4088.98,6594255814,31,6594255814.0,4940659.0,4144.66,3892.17,182.38,4.6686,343315466.0,5.49222,1612895.38039984,1612895.38039984,1612895.38039984,4829.57,-15.16824,2021-11-10T14:40:47.256Z,482.9,748.42447,2020-12-22T04:08:21.854Z,,2021-12-24T08:35:01.264Z,0.38762634981947325,4.668596355520767,,,
vechain,vet,VeChain,https://assets.coingecko.com/coins/images/1167/large/VeChain-Logo-768x725.png?1547035194,0.095434,6369918374,32,,388726758.0,0.095589,0.086365,0.00861154,9.91852,594029827.0,10.28465,66760741299.0,86712634466.0,,0.280991,-66.09538,2021-04-19T01:08:21.675Z,0.00191713,4869.34548,2020-03-13T02:29:59.652Z,,2021-12-24T08:34:53.265Z,0.5489163318891893,9.918518470115636,7.104903101905233,eth,710.4903101905232
compound-ether,ceth,cETH,https://assets.coingecko.com/coins/images/10643/large/ceth2.JPG?1581389598,82.42,6084300328,33,,14525097.0,83.25,78.82,3.42,4.32965,256298375.0,4.39771,73695526.6730758,73695526.6730758,,97.75,-15.68348,2021-11-21T12:39:57.508Z,1.89,4269.42118,2020-03-13T02:22:33.711Z,,2021-12-24T08:37:11.378Z,0.353408189549964,4.32964832392814,,,
hedera-hashgraph,hbar,Hedera,https://assets.coingecko.com/coins/images/3688/large/hbar.png?1637045634,0.326173,6022303681,34,,86218075.0,0.336016,0.321646,0.0031272,0.96803,69571283.0,1.16873,18476107922.0,50000000000.0,,0.569229,-42.89613,2021-09-15T10:40:28.318Z,0.00986111,3196.29965,2020-01-02T17:30:24.852Z,,2021-12-24T08:34:46.093Z,0.7275718852765656,0.9680345505065203,,,
ftx-token,ftt,FTX Token,https://assets.coingecko.com/coins/images/9026/large/F.png?1609051564,43.31,6009731666,35,14478311764.0,86791661.0,43.55,41.03,2.12,5.14349,283600879.0,4.95275,138998762.21874323,334868098.285971,334868098.285971,84.18,-48.7785,2021-09-09T16:59:43.151Z,1.15,3650.44263,2019-09-06T00:00:00.000Z,,2021-12-24T08:35:29.266Z,0.7587602415975903,5.143485954454978,,,
the-sandbox,sand,The Sandbox,https://assets.coingecko.com/coins/images/12129/large/sandbox_logo.jpg?1597397942,6.35,5837713653,36,19046408887.0,2427867352.0,6.46,5.11,1.2,23.34256,1108693135.0,23.44446,919498319.2233225,3000000000.0,3000000000.0,8.4,-24.77771,2021-11-25T06:04:40.957Z,0.02897764,21697.01902,2020-11-04T15:59:14.441Z,,2021-12-24T08:37:54.803Z,2.1869078236708455,23.342563474836826,,,
elrond-erd-2,egld,Elrond,https://assets.coingecko.com/coins/images/12335/large/elrond3_360.png?1626341589,265.34,5371275683,37,,241680282.0,269.0,243.74,21.56,8.84496,437664900.0,8.87109,20267523.0,20397843.0,,545.64,-51.58245,2021-11-23T10:33:26.737Z,6.51,3960.22731,2020-10-07T01:44:53.554Z,,2021-12-24T08:34:55.846Z,1.047025998415466,8.844958339840128,,,
internet-computer,icp,Internet Computer,https://assets.coingecko.com/coins/images/14495/large/Internet_Computer_logo.png?1620703073,28.15,5354055385,38,13166341229.0,503916745.0,28.12,23.62,4.16,17.35359,785961362.0,17.20546,190804426.75,469213710.0,469213710.0,700.65,-95.99791,2021-05-10T16:05:53.653Z,21.04,33.26107,2021-12-20T12:59:41.703Z,,2021-12-24T08:34:48.395Z,2.2621296032937144,17.353593835546086,,,
filecoin,fil,Filecoin,https://assets.coingecko.com/coins/images/12817/large/filecoin.png?1602753933,37.53,5304870450,39,74024793036.0,519972031.0,38.1,35.47,1.89,5.29846,287516573.0,5.73044,141243930.0,1970934594.0,1970934594.0,236.84,-84.18157,2021-04-01T13:29:41.564Z,20.06,86.76559,2020-12-29T22:32:28.483Z,,2021-12-24T08:36:31.228Z,0.5626439809135204,5.298464142354195,,,
fantom,ftm,Fantom,https://assets.coingecko.com/coins/images/4001/large/Fantom.png?1558015016,2.02,5115422500,40,6391377519.0,818672711.0,2.01,1.7,0.236844,13.31523,617358240.0,13.72498,2541152731.01,3175000000.0,3175000000.0,3.46,-42.43417,2021-10-28T05:19:39.845Z,0.00190227,104562.15461,2020-03-13T02:25:38.280Z,,2021-12-24T08:35:31.926Z,1.9540218029684178,13.315226801543126,66.18641290487517,usd,6618.641290487517
ethereum-classic,etc,Ethereum Classic,https://assets.coingecko.com/coins/images/453/large/ethereum-classic-logo.png?1547034169,38.28,5042818725,41,8059217800.0,366550534.0,38.25,35.62,2.65,7.45138,356884285.0,7.61608,131839333.765124,210700000.0,210700000.0,167.09,-77.11174,2021-05-06T18:34:22.133Z,0.615038,6117.97933,2016-07-25T00:00:00.000Z,,2021-12-24T08:36:09.805Z,0.8505320544327396,7.451375395377637,84.06527197797242,usd,8406.527197797242
decentraland,mana,Decentraland,https://assets.coingecko.com/coins/images/878/large/decentraland-mana.png?1550108745,3.76,4993723593,42,8253764592.0,1460174884.0,3.86,3.24,0.495262,15.17594,678085037.0,15.71228,1327372145.9864838,2193917427.32015,2193917427.32015,5.85,-36.19822,2021-11-25T10:04:18.534Z,0.00923681,40313.61625,2017-10-31T00:00:00.000Z,,2021-12-24T08:34:43.694Z,1.539630599632352,15.17594273935102,186.9365585003292,usd,18693.65585003292
theta-token,theta,Theta Network,https://assets.coingecko.com/coins/images/2538/large/theta-token-logo.png?1548387191,4.82,4813738124,43,,151571027.0,4.85,4.5,0.289667,6.39783,286159103.0,6.32036,1000000000.0,1000000000.0,,15.72,-69.44765,2021-04-16T13:15:11.190Z,0.04039979,11788.03978,2020-03-13T02:24:16.483Z,,2021-12-24T08:35:35.095Z,0.7994269004691668,6.397832172727375,31.114972853111173,usd,3111.497285311117
magic-internet-money,mim,Magic Internet Money,https://assets.coingecko.com/coins/images/16786/large/mimlogopng.png?1624979612,1.0,4539516415,44,,380116490.0,1.01,0.996359,0.00068152,0.06789,-3525494.3949251175,-0.0776,4519748141.24997,4519748141.24997,,1.04,-3.49784,2021-10-06T13:25:17.751Z,0.919196,9.29557,2021-12-04T05:29:56.806Z,,2021-12-24T08:35:55.310Z,0.297865898963196,0.06788623619831091,,,
cdai,cdai,cDAI,https://assets.coingecko.com/coins/images/9281/large/cDAI.png?1576467585,0.02189254,4335004397,45,,1966469.0,0.02201194,0.02171603,3.675e-05,0.16814,11632583.0,0.26906,197900690830.643,197900690830.643,,0.03159087,-30.77394,2020-10-12T21:29:00.007Z,0.00728854,200.04775,2020-03-18T04:29:40.819Z,,2021-12-24T08:37:10.802Z,0.36931747468079335,0.16813719459908924,,,
tezos,xtz,Tezos,https://assets.coingecko.com/coins/images/976/large/Tezos-logo.png?1547034862,4.79,4169582735,46,,256553811.0,4.81,4.54,0.177393,3.84223,170204703.0,4.25578,870864712.989474,,,9.12,-47.61311,2021-10-04T00:41:18.025Z,0.350476,1262.61041,2018-12-07T00:00:00.000Z,,2021-12-24T08:35:45.692Z,1.111843213560286,3.8422279196055604,9.200705326742954,usd,920.0705326742954
helium,hnt,Helium,https://assets.coingecko.com/coins/images/4284/large/Helium_HNT.png?1612620071,39.21,3939377503,47,8737684086.0,33091258.0,40.7,38.3,0.449227,1.15904,61630266.0,1.58933,100539361.984279,223000000.0,223000000.0,54.88,-28.69407,2021-11-12T23:08:25.301Z,0.113248,34453.10766,2020-04-18T00:19:10.902Z,,2021-12-24T08:35:32.609Z,0.6115334358571403,1.1590397269548298,,,
the-graph,grt,The Graph,https://assets.coingecko.com/coins/images/13397/large/Graph_Token.png?1608145566,0.745597,3921507746,48,7464076240.0,138978765.0,0.750565,0.681872,0.059007,8.59428,325838065.0,9.06196,5253842029.0,10000000000.0,10000000000.0,2.84,-73.82461,2021-02-12T07:28:45.775Z,0.103254,620.33307,2020-12-17T21:28:41.332Z,,2021-12-24T08:37:16.137Z,1.037586443505668,8.59427968275466,,,
gala,gala,Gala,https://assets.coingecko.com/coins/images/12493/large/GALA-COINGECKO.png?1600233435,0.505848,3806667975,49,25234800829.0,960690849.0,0.523384,0.456627,0.04456996,9.66228,328826686.0,9.45491,7542496572.319239,36420663672.5192,50000000000.0,0.824837,-38.99182,2021-11-26T01:03:48.731Z,0.00013475,373347.28797,2020-12-28T08:46:48.367Z,,2021-12-24T08:35:25.995Z,1.0636966238661858,9.662280611594502,,,
monero,xmr,Monero,https://assets.coingecko.com/coins/images/69/large/monero_logo.png?1547033729,208.64,3760770751,50,,219586463.0,213.56,196.6,11.77,5.9783,209161699.0,5.88921,18051384.2448622,,,542.33,-61.58803,2018-01-09T00:00:00.000Z,0.216177,96264.66345,2015-01-14T00:00:00.000Z,,2021-12-24T08:35:20.614Z,0.6610435335515096,5.9783038979735466,,,
iota,miota,IOTA,https://assets.coingecko.com/coins/images/692/large/IOTA_Swirl.png?1604238557,1.3,3598014747,51,,77340707.0,1.32,1.24,0.04178544,3.32996,121915481.0,3.50725,2779530283.277761,2779530283.0,,5.25,-75.39151,2017-12-19T00:00:00.000Z,0.081637,1482.17409,2020-03-13T02:22:41.168Z,,2021-12-24T08:36:19.368Z,1.1309225854177336,3.3299627285227262,17.869758549085017,btc,1786.9758549085016
aave,aave,Aave,https://assets.coingecko.com/coins/images/12645/large/AAVE.png?1601374110,254.07,3420972424,52,4071317179.0,761487384.0,256.56,219.95,34.13,15.51539,477585042.0,16.22569,13444189.28281184,16000000.0,16000000.0,661.69,-61.62928,2021-05-18T21:19:59.514Z,26.02,875.65144,2020-11-05T09:20:11.928Z,,2021-12-24T08:35:32.298Z,0.2470768045950072,15.515389028208853,,,
eos,eos,EOS,https://assets.coingecko.com/coins/images/738/large/eos-eos-logo.png?1547034481,3.5,3413324280,53,,674731824.0,3.54,3.35,0.136457,4.06211,135054355.0,4.11968,978414057.2043,,,22.71,-84.64429,2018-04-29T07:50:33.540Z,0.5024,594.16365,2017-10-23T00:00:00.000Z,,2021-12-24T08:35:50.378Z,0.5786420189878161,4.062112521558939,2.531038811678172,usd,253.10388116781718
leo-token,leo,LEO Token,https://assets.coingecko.com/coins/images/8418/large/leo-token.png?1558326215,3.62,3408696537,54,,706619.0,3.73,3.56,0.05372,1.50435,57857317.0,1.72665,939124083.9,985239504.0,,3.95,-8.04059,2021-05-14T13:54:31.192Z,0.799859,353.56931,2019-12-24T15:14:35.376Z,,2021-12-24T08:37:15.903Z,-0.1195938563742835,1.5043460206314536,,,
klay-token,klay,Klaytn,https://assets.coingecko.com/coins/images/9672/large/CjbT82vP_400x400.jpg?1570548320,1.34,3398630740,55,,23502636.0,1.35,1.29,0.04086193,3.14748,94913945.0,2.87294,2556002522.8,,,4.34,-69.43295,2021-03-30T03:44:28.828Z,0.06044,2094.38558,2020-04-29T08:19:34.574Z,,2021-12-24T08:35:46.266Z,0.6533519427099171,3.14748076250186,,,
compound-usd-coin,cusdc,cUSDC,https://assets.coingecko.com/coins/images/9442/large/Compound_USDC.png?1567581577,0.02253179,3367129818,56,,94414556.0,0.02265547,0.0216059,3.786e-05,0.16832,-91510119.35548687,-2.64584,149354237806.399,149354237806.399,,0.058843,-61.74267,2020-10-21T11:24:27.820Z,0.00620705,262.68282,2021-03-04T08:11:37.438Z,,2021-12-24T08:37:10.505Z,0.35811658798560403,0.16832102480902567,,,
arweave,ar,Arweave,https://assets.coingecko.com/coins/images/4343/large/oRt6SiEN_400x400.jpg?1591059616,62.35,3132374288,57,4125780951.0,41607400.0,62.51,52.17,9.81,18.66238,505396258.0,19.23869,50108502.0,64598643.0,66000000.0,89.24,-30.235,2021-11-05T04:14:42.689Z,0.298788,20735.82681,2020-01-31T06:47:36.543Z,,2021-12-24T08:35:34.902Z,5.342319136308235,18.662380166967736,83.25205904662391,usd,8325.205904662393
pancakeswap-token,cake,PancakeSwap,https://assets.coingecko.com/coins/images/12632/large/pancakeswap-cake-logo_%281%29.png?1629359065,12.41,3126691111,58,,126216079.0,12.52,11.62,0.775785,6.67012,200851265.0,6.86474,252055775.643687,,,43.96,-71.82083,2021-04-30T10:08:22.934Z,0.194441,6271.54174,2020-11-03T14:29:34.165Z,,2021-12-24T08:35:53.947Z,0.5183448986125322,6.6701165039719275,,,
flow,flow,Flow,https://assets.coingecko.com/coins/images/13446/large/5f6294c0c7a8cda55cb1c936_Flow_Wordmark.png?1631696776,9.47,2996202487,59,,124071428.0,9.51,8.86,0.606069,6.84065,196046661.0,7.00128,316835587.0,1393082413.50733,,42.4,-77.73929,2021-04-05T13:49:10.098Z,4.95,90.66483,2021-01-27T15:34:04.000Z,,2021-12-24T08:35:13.413Z,0.9338115151650906,6.840654635301954,,,
harmony,one,Harmony,https://assets.coingecko.com/coins/images/4344/large/Y88JAze.png?1565065793,0.256542,2943966518,60,3374361030.0,141972080.0,0.260773,0.240009,0.01629357,6.78196,187121837.0,6.78754,11478011740.1007,13156044839.793139,13156044839.793139,0.37902,-32.64704,2021-10-26T09:28:49.782Z,0.00127355,19944.8357,2020-03-13T02:24:14.005Z,,2021-12-24T08:35:05.517Z,0.7714869677870838,6.7819603905445085,79.80069558263294,usd,7980.069558263294
loopring,lrc,Loopring,https://assets.coingecko.com/coins/images/913/large/LRC.png?1572852344,2.35,2912302657,61,3212702953.0,326727475.0,2.37,2.18,0.161261,7.37975,195627221.0,7.20098,1245991468.94246,1373873440.44246,1374513896.0,3.75,-37.78269,2021-11-10T14:59:53.164Z,0.01963893,11779.72271,2019-12-18T13:14:41.553Z,,2021-12-24T08:36:53.339Z,1.208396134371768,7.379752655403332,38.1074389478898,usd,3810.74389478898
olympus,ohm,Olympus,https://assets.coingecko.com/coins/images/14483/large/token_OHM_%281%29.png?1628311611,437.75,2873805176,62,3215922731.0,78416578.0,438.64,413.2,1.14,0.26,64037957.0,2.27912,6564971.591376858,7346511.0105582,7346511.0105582,1415.26,-69.15186,2021-04-25T00:00:00.000Z,162.79,168.18783,2021-05-23T22:25:07.703Z,,2021-12-24T08:29:59.498Z,-0.096424946408605,0.26000442479320435,,,
enjincoin,enj,Enjin Coin,https://assets.coingecko.com/coins/images/1102/large/enjin-coin-logo.png?1547035078,2.96,2768022456,63,2962540940.0,316092291.0,2.98,2.61,0.345087,13.18726,334607610.0,13.75054,934340659.567558,1000000000.0,1000000000.0,4.82,-38.71232,2021-11-25T09:53:41.955Z,0.01865964,15729.12156,2017-11-12T00:00:00.000Z,,2021-12-24T08:35:06.790Z,1.235314125958098,13.187260067173565,,,
radix,xrd,Radix,https://assets.coingecko.com/coins/images/4374/large/Radix.png?1629701658,0.28264,2752558903,64,6793685492.0,693452.0,0.284918,0.254425,0.02446799,9.47739,242350102.0,9.65458,9723943469.764,12123943470.365,24000000000.0,0.651264,-56.45079,2021-11-14T16:09:27.130Z,0.086235,228.8912,2021-09-13T04:50:07.104Z,,2021-12-24T08:35:55.172Z,0.21731361916098377,9.477388257753091,,,
quant-network,qnt,Quant,https://assets.coingecko.com/coins/images/3370/large/5ZOu7brX_400x400.jpg?1612437252,204.27,2748811038,65,2994417876.0,53345318.0,206.65,182.43,20.59,11.21174,289850522.0,11.78752,13413953.469289193,14612493.0,14612493.0,427.42,-52.30631,2021-09-11T09:15:00.668Z,0.215773,94375.76947,2018-08-23T00:00:00.000Z,,2021-12-24T08:35:16.678Z,0.6409775739591694,11.211744457798943,20.310314997125666,eth,2031.0314997125665
bittorrent-2,btt,BitTorrent,https://assets.coingecko.com/coins/images/7595/large/BTT_Token_Graphic.png?1555066995,0.00289796,2706738198,66,,448580468.0,0.00290268,0.00270595,0.0001823,6.7128,177921572.0,7.03576,932497500000.0,990000000000.0,,0.01356626,-78.64841,2021-04-05T04:09:06.433Z,0.00013814,1996.8245,2020-03-13T02:22:57.629Z,,2021-12-24T08:36:37.784Z,0.41253412470520406,6.712798343861278,23.149675506117116,usd,2314.967550611712
kusama,ksm,Kusama,https://assets.coingecko.com/coins/images/9568/large/m4zRhP5e_400x400.jpg?1576190080,292.02,2621882449,67,2919659037.0,79268481.0,292.83,269.18,20.74,7.64398,189107076.0,7.77331,8980098.074112339,10000000.0,10000000.0,621.71,-53.18611,2021-05-18T05:04:41.858Z,0.876572,33102.55135,2020-01-14T19:20:20.768Z,,2021-12-24T08:35:41.091Z,1.7413503769263994,7.643980723915443,,,
blockstack,stx,Stacks,https://assets.coingecko.com/coins/images/2069/large/Stacks_logo_full.png?1604112510,2.41,2535289525,68,,97332885.0,2.44,2.25,0.154594,6.86423,169256912.0,7.15362,1052561461.68777,1818000000.0,,3.39,-29.47452,2021-12-01T01:32:34.725Z,0.04559639,5142.86435,2020-03-13T02:29:26.415Z,,2021-12-24T08:35:56.620Z,0.7898882102408734,6.8642263096357805,19.056412556023307,usd,1905.6412556023308
bitcoin-cash-sv,bsv,Bitcoin SV,https://assets.coingecko.com/coins/images/6799/large/BSV.png?1558947902,128.78,2443904166,69,,858127522.0,131.06,123.3,5.13,4.14957,102322086.0,4.36978,18932276.644239,21000000.0,,489.75,-73.74827,2021-04-16T17:09:04.630Z,42.02,205.98843,2018-11-23T00:00:00.000Z,,2021-12-24T08:37:23.867Z,0.4449551267193011,4.149571706888889,,,
amp-token,amp,Amp,https://assets.coingecko.com/coins/images/12409/large/amp-200x200.png?1599625397,0.050675,2432736448,70,5027471800.0,22330770.0,0.051044,0.04870449,0.00139503,2.8308,73228472.0,3.10355,48013928909.1577,99441574895.8501,99225164238.50153,0.120813,-58.07743,2021-06-16T16:03:41.147Z,0.00250501,1921.85638,2020-11-04T13:18:12.191Z,,2021-12-24T08:34:57.001Z,0.5611781428452972,2.8308040019695553,,,
thorchain,rune,THORChain,https://assets.coingecko.com/coins/images/6595/large/RUNE.png?1614160507,7.99,2373970871,71,3989306591.0,71840161.0,7.99,7.08,0.888335,12.50805,265782758.0,12.60717,297541792.91730165,500000000.0,500000000.0,20.87,-61.96274,2021-05-19T00:30:09.436Z,0.00851264,93143.14465,2019-09-28T00:00:00.000Z,,2021-12-24T08:35:20.967Z,0.8571650863799818,12.508053412394501,209.27470682970335,usd,20927.470682970335
maker,mkr,Maker,https://assets.coingecko.com/coins/images/1364/large/Mark_Maker.png?1585191826,2627.09,2363175885,72,2636554370.0,83206822.0,2678.22,2435.54,191.55,7.86461,170587122.0,7.78017,901310.9472893132,987138.756439772,1005577.0,6292.31,-58.39461,2021-05-03T21:54:29.333Z,168.36,1454.98924,2020-03-16T20:52:36.527Z,,2021-12-24T08:36:05.498Z,1.084068209654068,7.864610343093821,,,
ecash,xec,eCash,https://assets.coingecko.com/coins/images/16646/large/Logo_final-22.png?1628239446,0.00011835,2241757143,73,2486600445.0,33068919.0,0.00011841,0.00011049,7.58e-06,6.84501,138215020.0,6.57058,18932233396789.4,21000000000000.0,21000000000000.0,0.00038001,-68.98279,2021-09-04T17:09:31.137Z,1.847e-05,538.17039,2021-07-20T20:49:46.212Z,,2021-12-24T08:37:25.749Z,0.2361086476767504,6.845013309979519,,,
neo,neo,NEO,https://assets.coingecko.com/coins/images/480/large/NEO_512_512.png?1594357361,29.46,2072993723,74,,195314318.0,29.99,27.54,1.92,6.98174,135491319.0,6.99309,70530000.0,100000000.0,,198.38,-85.19399,2018-01-15T00:00:00.000Z,0.078349,37388.94998,2016-10-21T00:00:00.000Z,,2021-12-24T08:36:13.961Z,0.7613706242541942,6.981742246724637,817.4011080770339,usd,81740.11080770339
curve-dao-token,crv,Curve DAO Token,https://assets.coingecko.com/coins/images/12124/large/Curve.png?1597369484,5.22,2047747977,75,17256369044.0,564531712.0,5.38,5.0,0.112571,2.20406,41909141.0,2.08936,391958099.3931446,1656434470.2398,3303030299.0,54.01,-90.38371,2020-08-14T04:53:44.010Z,0.331577,1466.26899,2020-11-05T13:09:50.181Z,,2021-12-24T08:37:04.524Z,1.1611454277927928,2.204063703288047,,,
huobi-btc,hbtc,Huobi BTC,https://assets.coingecko.com/coins/images/12407/large/Unknown-5.png?1599624896,51242.0,2043750777,76,2043750777.0,1585162.0,52606.0,48358.0,2864.35,5.92079,116386261.0,6.03862,39884.082204742,39884.082204742,39884.082204742,69325.0,-26.18322,2021-05-10T02:33:06.038Z,11209.02,356.5388,2020-10-12T03:56:16.768Z,,2021-12-24T08:30:33.666Z,0.4107218754248642,5.920789310543652,,,
basic-attention-token,bat,Basic Attention Token,https://assets.coingecko.com/coins/images/677/large/basic-attention-token.png?1547034427,1.36,2036699128,77,2045064028.0,331542573.0,1.38,1.23,0.134795,10.96317,202654474.0,11.04959,1493864568.4473505,1500000000.0,1500000000.0,1.9,-28.45698,2021-11-28T00:23:51.354Z,0.072394,1778.22045,2017-07-16T00:00:00.000Z,,2021-12-24T08:34:49.273Z,0.7130162140372768,10.963171489877864,1.118708149718967,eth,111.8708149718967
zcash,zec,Zcash,https://assets.coingecko.com/coins/images/486/large/circle-zcash-color.png?1547034197,169.1,2015520188,78,3546498812.0,326937347.0,169.97,158.06,9.17,5.73659,106735790.0,5.59182,11934565.9475468,21000000.0,21000000.0,3191.93,-94.72225,2016-10-29T00:00:00.000Z,19.75,752.81482,2020-03-13T02:20:55.002Z,,2021-12-24T08:36:23.142Z,0.8967241430455174,5.7365919804711645,,,
spell-token,spell,Spell Token,https://assets.coingecko.com/coins/images/15861/large/abracadabra-3.png?1622544862,0.02505951,1970289307,79,5262036808.0,255738044.0,0.02629493,0.02247782,0.00114802,4.80113,105200136.0,5.64049,78631292347.2113,103214939480.85785,210000000000.0,0.03506357,-27.62399,2021-11-02T08:44:42.429Z,0.00029812,8412.42514,2021-08-05T13:00:27.077Z,,2021-12-24T08:37:42.461Z,-1.7440905080475373,4.801134051150443,,,
theta-fuel,tfuel,Theta Fuel,https://assets.coingecko.com/coins/images/8029/large/1_0YusgngOrriVg4ZYx4wOFQ.png?1553483622,0.223285,1886178774,80,,37573294.0,0.228197,0.207458,0.01443596,6.91214,49552231.0,2.698,0.0,5301200000.0,,0.68159,-67.29592,2021-06-09T06:50:55.818Z,0.00090804,24448.25412,2020-03-13T02:30:37.972Z,,2021-12-24T08:35:30.663Z,0.4435660591038152,6.912135526283709,,,
kadena,kda,Kadena,https://assets.coingecko.com/coins/images/3693/large/djLWD6mR_400x400.jpg?1591080616,11.48,1864939733,81,11510191309.0,45128083.0,12.12,10.71,0.630457,5.8092,112082741.0,6.39429,162025085.71096,1000000000.0,1000000000.0,27.64,-58.45633,2021-11-11T13:22:45.731Z,0.065811,17345.12826,2020-03-13T02:00:28.582Z,,2021-12-24T08:37:08.283Z,0.2633707076410231,5.809196280757674,10.48318936243285,usd,1048.318936243285
convex-finance,cvx,Convex Finance,https://assets.coingecko.com/coins/images/15585/large/convex.png?1621256328,42.25,1824530446,82,4227529526.0,133825365.0,49.4,38.22,3.95,10.31351,176246486.0,10.69273,43158313.50205509,79298984.6893987,100000000.0,49.4,-14.68797,2021-12-23T21:29:10.083Z,1.9,2114.72585,2021-07-20T13:17:29.183Z,,2021-12-24T08:36:14.013Z,0.17130823317371907,10.313511247399843,,,
kucoin-shares,kcs,KuCoin Token,https://assets.coingecko.com/coins/images/1047/large/sa9z79.png?1610678720,23.22,1779206625,83,,23575338.0,23.61,21.48,1.64,7.61159,125308290.0,7.57654,76729977.0,166729977.0,,28.83,-19.69905,2021-12-01T15:09:35.541Z,0.342863,6652.16329,2019-02-07T00:00:00.000Z,,2021-12-24T08:35:36.681Z,0.9506378962263473,7.611589676168326,,,
celo,celo,Celo,https://assets.coingecko.com/coins/images/11090/large/icon-celo-CELO-color-500.png?1592293590,4.82,1770304089,84,4821030551.0,60616626.0,4.96,4.71,0.080075,1.69043,24725148.0,1.41644,367204495.0,1000000000.0,1000000000.0,9.82,-51.04892,2021-08-30T14:25:09.929Z,0.800156,500.83729,2020-05-22T04:15:27.736Z,,2021-12-24T08:35:56.080Z,0.7103831698671953,1.6904331960939902,,,
celsius-degree-token,cel,Celsius Network,https://assets.coingecko.com/coins/images/3263/large/CEL_logo.png?1609598753,4.0,1691655166,85,,1766365.0,4.05,3.95,-0.002728874877,-0.06823,-83613.32583093643,-0.00494,423415980.3475,694963645.6871,,8.05,-50.44196,2021-06-04T00:04:12.584Z,0.02620268,15119.57385,2018-12-07T00:00:00.000Z,,2021-12-24T08:35:00.849Z,0.2456029707478988,-0.06823432960306892,12.32180279251947,usd,1232.180279251947
chiliz,chz,Chiliz,https://assets.coingecko.com/coins/images/8834/large/Chiliz.png?1561970540,0.313665,1677187765,86,2789699762.0,168059169.0,0.316385,0.286346,0.02451153,8.47701,137053820.0,8.89882,5344064580.0,8888888888.0,8888888888.0,0.878633,-64.38255,2021-03-13T08:04:21.200Z,0.00410887,7516.3629,2019-09-28T00:00:00.000Z,,2021-12-24T08:37:56.198Z,0.7669033047246002,8.477008467064907,13.257480207316563,usd,1325.7480207316564
ecomi,omi,ECOMI,https://assets.coingecko.com/coins/images/4428/large/ECOMI.png?1557928886,0.00692327,1663916252,87,,10801467.0,0.00706462,0.00613775,0.00070737,11.37997,171526308.0,11.4934,240092131274.56,750000000000.0,,0.01343572,-48.56738,2021-03-19T17:20:53.999Z,3.37e-06,204896.75232,2019-11-04T10:52:42.729Z,,2021-12-24T08:37:13.315Z,1.0197301139340458,11.379965150509951,12.50224322236044,btc,1250.224322236044
waves,waves,Waves,https://assets.coingecko.com/coins/images/425/large/waves.png?1548386117,16.57,1655885180,88,,123580052.0,16.82,15.93,0.598697,3.74844,64293060.0,4.03954,100000000.0,100000000.0,,43.01,-61.54781,2021-05-04T06:49:41.528Z,0.130878,12537.53564,2016-08-02T00:00:00.000Z,,2021-12-24T08:36:26.376Z,0.715360779212552,3.7484389123667765,87.14149607543867,usd,8714.149607543866
frax,frax,Frax,https://assets.coingecko.com/coins/images/13422/large/frax_logo.png?1608476506,1.01,1642062640,89,1642062640.0,22242182.0,1.04,0.99786,0.00709651,0.70577,78061218.0,4.99112,1620574681.90788,1620574681.90788,1620574681.90788,1.14,-11.35379,2021-02-07T12:55:35.766Z,0.891635,13.38345,2021-12-04T05:33:57.315Z,,2021-12-24T08:37:25.799Z,0.4641388055048586,0.7057682637054163,,,
holotoken,hot,Holo,https://assets.coingecko.com/coins/images/3348/large/Holologo_Profile.png?1547037966,0.00914518,1625867248,90,,162848225.0,0.00915996,0.00815193,0.00091991,11.18395,173770709.0,11.96688,177619433541.141,177619433541.141,,0.03126682,-70.74768,2021-04-05T16:04:52.608Z,0.0002202,4053.64041,2020-03-13T02:23:01.612Z,,2021-12-24T08:36:42.724Z,-0.16141499468631987,11.183952746123095,8.793538332364225,eth,879.3538332364225
dash,dash,Dash,https://assets.coingecko.com/coins/images/19/large/dash-logo.png?1548385930,154.72,1622053802,91,,354573584.0,155.41,132.89,21.26,15.92681,225597301.0,16.15498,10492710.2507834,18920000.0,,1493.59,-89.64551,2017-12-20T00:00:00.000Z,0.213899,72202.23403,2014-02-14T00:00:00.000Z,,2021-12-24T08:36:27.921Z,-0.12238878860948794,15.926814869449792,,,
huobi-token,ht,Huobi Token,https://assets.coingecko.com/coins/images/2822/large/huobi-token-logo.png?1547036992,10.02,1582252662,92,5015900781.0,114890035.0,10.06,9.94,-0.020542182745,-0.2046,-1350927.9913294315,-0.08531,157723680.25441208,500000000.0,500000000.0,39.66,-74.70106,2021-05-12T14:42:21.586Z,0.90862,1004.28509,2019-01-30T00:00:00.000Z,,2021-12-24T08:37:13.077Z,0.502269889953257,-0.20459594077238955,9.121034884598455,usd,912.1034884598455
osmosis,osmo,Osmosis,https://assets.coingecko.com/coins/images/16724/large/osmo.png?1632763885,5.79,1471281052,93,5799350745.0,52196569.0,5.8,5.25,0.493861,9.3221,131024817.0,9.7761,253697546.0,325000000.0,1000000000.0,7.61,-23.79017,2021-09-20T00:00:09.729Z,1.24,369.71334,2021-07-20T10:21:24.662Z,,2021-12-24T08:36:33.942Z,0.5946148371545624,9.322098195739866,,,
sushi,sushi,Sushi,https://assets.coingecko.com/coins/images/12271/large/512x512_Logo_no_chop.png?1606986688,7.58,1463410381,94,1897681453.0,739750188.0,7.59,6.49,1.03,15.73504,204046526.0,16.20235,192789255.8554817,238815736.666627,250000000.0,23.38,-67.72219,2021-03-13T23:44:36.774Z,0.475381,1487.23297,2020-11-04T14:53:53.560Z,,2021-12-24T08:36:12.906Z,1.0257953166581177,15.735039847756177,,,
compound-governance-token,comp,Compound,https://assets.coingecko.com/coins/images/10775/large/COMP.png?1592625425,232.82,1462558870,95,2326809475.0,195097289.0,238.63,208.4,24.39,11.6998,158572375.0,12.16058,6285683.834308099,10000000.0,10000000.0,910.54,-74.52065,2021-05-12T02:29:08.794Z,61.32,278.3318,2020-06-18T12:54:32.788Z,,2021-12-24T08:34:36.903Z,1.5250906506224415,11.699799203692871,,,
msol,msol,Marinade staked SOL,https://assets.coingecko.com/coins/images/17752/large/PJ7Scn3.png?1629175951,193.94,1393711447,96,1393711447.0,72178208.0,196.63,182.91,10.76,5.87179,81470652.0,6.20851,7182883.80236223,7182883.80236223,7182883.80236223,3541.84,-94.53292,2021-08-23T22:16:35.076Z,42.4,356.6954,2021-08-30T10:27:09.425Z,,2021-12-24T08:37:07.729Z,0.9079267297549,5.871787189642619,,,
nexo,nexo,NEXO,https://assets.coingecko.com/coins/images/3695/large/nexo.png?1548086057,2.41,1344800899,97,2401430134.0,13586408.0,2.44,2.2,0.193102,8.7205,104769825.0,8.44897,560000010.0064,1000000000.0,1000000000.0,4.07,-40.99296,2021-05-12T14:37:47.535Z,0.04515276,5216.15079,2018-09-13T00:00:00.000Z,,2021-12-24T08:35:02.106Z,0.8403458318161136,8.720495896902909,23.07442693341818,usd,2307.442693341818
iotex,iotx,IoTeX,https://assets.coingecko.com/coins/images/3334/large/iotex-logo.png?1547037941,0.138684,1302454159,98,1303200363.0,71478933.0,0.137233,0.120754,0.01787468,14.79582,157178707.0,13.7241,9490829322.48387,9496266827.32,9496266827.32,0.255593,-48.1599,2021-11-13T16:54:18.643Z,0.00121576,10798.50522,2020-03-13T02:29:47.597Z,,2021-12-24T08:35:33.032Z,9.98138802871869,14.795820124626907,,,
bitcoin-cash-abc-2,bcha,Bitcoin Cash ABC,https://assets.coingecko.com/coins/images/13120/large/Logo_final-21.png?1624892810,68.39,1285305503,99,,936.29,78.37,65.18,-9.087721976588,-11.72963,-170795177.52178764,-11.72963,18794058.3967894,21000000.0,,378.12,-81.98479,2021-09-04T17:15:31.514Z,9.21,639.63289,2020-11-15T18:28:32.658Z,,2021-12-24T08:32:24.251Z,0.4145286486268002,-11.729626930725509,,,
nem,xem,NEM,https://assets.coingecko.com/coins/images/242/large/NEM_Logo_256x256.png?1598687029,0.142012,1274512072,100,,117566665.0,0.142132,0.130293,0.01073021,8.17343,98430956.0,8.3694,8999999999.0,8999999999.0,,1.87,-92.39344,2018-01-07T00:00:00.000Z,8.482e-05,167475.02163,2015-09-05T00:00:00.000Z,,2021-12-24T08:35:40.372Z,1.0775695119426483,8.173434148444116,,,
